Name,Position,JerseyNumber,Unit
Daniel Jones,Quarterback,17,Offense
Anthony Richardson,Quarterback,5,Offense
Jonathan Taylor,Running Back,28,Offense
DJ Giddens,Running Back,21,Offense
Josh Downs,Wide Receiver,2,Offense
Alec Pierce,Wide Receiver,14,Offense
Tyler Warren,Tight End,84,Offense
Quenton Nelson,Offensive Guard,56,Offense
DeForest Buckner,Defensive Tackle,99,Defense
Grover Stewart,Defensive Tackle,90,Defense
Laiatu Latu,Defensive End,97,Defense
Ahmad Gardner,Defensive Back,1,Defense
Camryn Bynum,Defensive Back,0,Defense
Charvarius Ward,Defensive Back,7,Defense
CJ Allen,Linebacker,53,Defense
Jaylon Carlies,Linebacker,57,Defense
Spencer Shrader,Kicker,3,Special Teams
Rigoberto Sanchez,Punter,8,Special Teams
